Type,SKU,Name,"Published","Is featured?","Visibility in catalog","Short description",Description,"Tax status","Tax class","In stock?","Stock","Regular price","Sale price",Categories,Tags,Images,"Position"
simple,WC-HG-001,"Glock 19 Gen 5 9mm",1,0,visible,"Compact 9mm pistol, perfect for concealed carry and home defense.","The Glock 19 Gen 5 is one of the most popular handguns in America. Features improved grip texture, ambidextrous slide stop lever, flared mag-well, and nDLC finish. 15+1 capacity.","taxable","",1,"","549.99","",Handguns,"9mm, Glock, concealed carry","",0
simple,WC-HG-002,"Smith & Wesson M&P Shield Plus 9mm",1,0,visible,"Ultra-slim 9mm carry pistol with 13+1 capacity.","The M&P Shield Plus offers a slim profile with increased capacity. Features an 18-degree grip angle, flat face trigger, and tactile/audible trigger reset. Perfect for everyday carry.","taxable","",1,"","479.99","",Handguns,"9mm, Smith & Wesson, concealed carry","",0
simple,WC-HG-003,"Sig Sauer P365 XL 9mm",1,1,visible,"Micro-compact 9mm with 12+1 capacity and optics-ready slide.","The P365 XL gives you a longer grip and sight radius in a package that's still easy to conceal. Optics-ready slide, flat trigger, and XRAY3 day/night sights included.","taxable","",1,"","599.99","",Handguns,"9mm, Sig Sauer, concealed carry, optics ready","",0
simple,WC-HG-004,"Springfield Hellcat Pro 9mm",1,0,visible,"15+1 capacity in a micro-compact frame.","Springfield Hellcat Pro bridges the gap between micro-compact and compact. 15+1 capacity, adaptive grip texture, U-Dot sight system, and optics-ready slide.","taxable","",1,"","529.99","499.99",Handguns,"9mm, Springfield, concealed carry","",0
simple,WC-RF-001,"Smith & Wesson M&P15 Sport II 5.56",1,0,visible,"Reliable AR-15 platform at a great price.","The M&P15 Sport II is a proven AR-15 with Armornite barrel finish, 6-position collapsible stock, and 30-round Magpul PMAG. Chambered in 5.56 NATO/.223 Rem.","taxable","",1,"","749.99","",Rifles,"5.56, AR-15, Smith & Wesson","",0
simple,WC-RF-002,"Ruger 10/22 Carbine .22 LR",1,0,visible,"The classic .22 LR semi-auto rifle.","America's favorite .22 rifle. The Ruger 10/22 Carbine features a hardwood stock, 18.5-inch barrel, and patented 10-round rotary magazine. Great for plinking, small game, and training.","taxable","",1,"","299.99","279.99",Rifles,".22 LR, Ruger, semi-auto, rimfire","",0
simple,WC-RF-003,"Henry Big Boy .44 Mag",1,1,visible,"Classic lever-action in .44 Magnum.","The Henry Big Boy is a beautifully crafted lever-action rifle with a brass receiver, American walnut stock, and 20-inch octagonal barrel. 10-round tubular magazine. Made in the USA.","taxable","",1,"","949.99","",Rifles,".44 Mag, Henry, lever-action","",0
simple,WC-SG-001,"Mossberg 500 Tactical 12ga",1,0,visible,"Pump-action 12-gauge for home defense.","The Mossberg 500 Tactical features an 18.5-inch barrel, 6-shot capacity, dual extractors, anti-jam elevator, and ambidextrous tang safety. A proven home defense platform.","taxable","",1,"","449.99","",Shotguns,"12 gauge, Mossberg, pump-action, home defense","",0
simple,WC-SG-002,"Remington 870 Express 12ga",1,0,visible,"The legendary pump-action shotgun.","The Remington 870 Express is one of the best-selling shotguns of all time. Features a 28-inch ventilated rib barrel, hardwood stock, and twin action bars for smooth cycling.","taxable","",1,"","399.99","",Shotguns,"12 gauge, Remington, pump-action","",0
simple,WC-AM-001,"Federal American Eagle 9mm 115gr FMJ (50rd)",1,0,visible,"Reliable range ammo — 50 rounds per box.","Federal American Eagle 9mm Luger 115-grain FMJ. Brass case, boxer primed, non-corrosive. Excellent for range training and target shooting. 50 rounds per box.","taxable","",1,"","16.99","",Ammunition,"9mm, FMJ, range ammo, Federal","",0
simple,WC-AM-002,"Hornady Critical Defense 9mm 115gr FTX (25rd)",1,0,visible,"Premium self-defense ammo — 25 rounds per box.","Hornady Critical Defense features the patented FTX bullet with flex tip for reliable expansion. Nickel-plated cases for smooth feeding. Optimized for short-barrel carry guns.","taxable","",1,"","24.99","",Ammunition,"9mm, hollow point, self-defense, Hornady","",0
simple,WC-AM-003,"Winchester USA 5.56mm 55gr FMJ (20rd)",1,0,visible,"Standard 5.56 NATO rifle ammo — 20 rounds per box.","Winchester USA White Box 5.56mm NATO 55-grain FMJ. Brass case, boxer primed. Reliable feeding and consistent accuracy for AR-15 platforms.","taxable","",1,"","11.99","",Ammunition,"5.56, FMJ, rifle ammo, Winchester","",0
simple,WC-AC-001,"Magpul PMAG 30 AR/M4 GEN M3",1,0,visible,"30-round polymer AR-15 magazine.","The Magpul PMAG 30 GEN M3 is the gold standard in AR-15 magazines. Impact-resistant polymer, anti-tilt follower, stainless steel spring, and paint pen dot matrix for identification.","taxable","",1,"","14.99","12.99",Accessories,"AR-15, magazine, Magpul, 30-round","",0
simple,WC-AC-002,"Streamlight TLR-7A Weapon Light",1,0,visible,"500-lumen compact weapon-mounted light.","The Streamlight TLR-7A produces 500 lumens from a compact body that sits flush with full-size and compact pistol muzzles. Ambidextrous rear switch, 1.5-hour runtime.","taxable","",1,"","124.99","",Accessories,"weapon light, Streamlight, pistol light","",0
simple,WC-AC-003,"Safariland 7378 ALS Holster - Glock 19",1,0,visible,"Level 1 retention duty/carry holster for Glock 19.","Safariland 7378 ALS concealment holster with automatic locking system. Injection-molded SafariSeven nylon blend. Open-top design with ALS retention. Belt loop included.","taxable","",1,"","44.99","",Accessories,"holster, Safariland, Glock 19, concealed carry","",0
simple,WC-NFA-001,"Rugged Obsidian 45 Suppressor",1,1,visible,"Full-auto rated pistol suppressor, modular length.","The Rugged Obsidian 45 is a full-auto rated, modular pistol suppressor. Converts between full and short configuration. Compatible with 9mm, .40 S&W, .45 ACP, and .300 BLK subsonic. Includes piston and spring.","taxable","",1,"","899.99","","NFA Items","suppressor, Rugged, pistol suppressor, modular","",0
simple,WC-NFA-002,"Dead Air Sandman S Suppressor",1,0,visible,"Versatile rifle suppressor with Keymo mount.","The Dead Air Sandman S is a mid-length rifle suppressor rated for full-auto. Stellite blast baffle, Keymo quick-detach mount system. Compatible with 5.56, .308, and .300 BLK.","taxable","",1,"","999.99","","NFA Items","suppressor, Dead Air, rifle suppressor, Keymo","",0
